TavernID,AveragePowerLevel,NumberOfHeroes,Knight,Mage,Archer,Thief,PosX,PosY
1,3,6,2,2,1,1,-0.01029304,-2.879138
2,5,6,1,1,1,1,-4.16,-2.5
3,6,6,1,1,1,0,-4.63,0.4
4,4,6,0,0,3,2,0.4201761,3.079552
5,2,6,1,1,2,2,04.05,2.84
6,7,6,1,1,0,0,-3.28,3.81
7,9,6,0,0,1,1,-7.974593,3.647819