TavernID,AveragePowerLevel,NumberOfHeroes,Knight,Mage,Archer,Thief,PosX,PosY
1,1,3,0,0,2,0,-0.01029304,-2.879138
2,2,1,0,1,0,0,-4.16,-2.5
3,0,5,0,0,0,2,-4.63,0.4
4,0,5,1,0,1,1,0.4201761,3.079552
5,1,3,2,0,0,0,04.05,2.84
6,-1,6,0,0,0,0,-3.28,3.81
7,2,1,0,0,0,0,-7.974593,3.647819
8,0,4,1,0,1,0,0,0
9,0,4,0,1,0,1,0,0
10,0,4,1,1,1,1,0,0